FirstName,LastName,Phone,Email,License Number,Agency,ImageURL
Oyeyimika,Adeoye,438-890-4561,yimikaadeoye@hotmail.com,456789,PMML,http://thispix.com/wp-content/uploads/2015/06/Copy-of-Edit-1798-1-300x300.jpg
Min,Hu,514-930-2562,minhu1@hotmail.com,789012,MSW Realtors,http://thispix.com/wp-content/uploads/2015/06/010.jpg
Allaye,Duru,439-120-4663,allayeduru23@gmail.com,345678,KevinJames.Corp,http://thispix.com/wp-content/uploads/2015/06/EDited-TSP_3878-1.jpg
Princess,Harper,538-204-3464,princess.harper@yahoo.com,901234,GHI Realty,http://thispix.com/wp-content/uploads/2015/06/E-3626-1.jpg
Grecia,O'Brien,234-212-3062,greciaobrien@gmail.com,286904,Planters ,http://thispix.com/wp-content/uploads/2015/06/E-3626-1.jpg
Matthew,Warsh,603-413-4121,mwarsh@outlook.com,247695,Matthew Warsh Inc.,http://thispix.com/wp-content/uploads/2015/06/edited-TSP_3918-1.jpg
Cynthia,Bernier,771-793-3366,berniercynt@yahoo.com,675839,AEO,http://thispix.com/wp-content/uploads/2015/06/portrait-profile-019.jpg
Madeleine,Pare,555-675-3284,madelenepare97@gmail.com,195760,PMML,http://thispix.com/wp-content/uploads/2015/06/009.jpg
James,Dargrain,514-234-8904,jamesdargrain@hotmail.com,567003,Sutton-Clodem Inc.,http://thispix.com/wp-content/uploads/2015/06/Edited-TSP_4054-1.jpg